{"cameraMode":{"drawMode":0,"name":"Shaded","section":"Shading Mode"},"sceneLighting":false,"audioPlay":false,"sceneViewState":{"m_AlwaysRefresh":false,"showFog":true,"showSkybox":true,"showFlares":true,"showImageEffects":true,"showParticleSystems":true,"showVisualEffectGraphs":true,"m_FxEnabled":true},"in2DMode":false,"pivot":{"x":0.10972756147384644,"y":2.58465576171875,"z":34.820735931396487},"rotation":{"x":0.2776966691017151,"y":-0.004322750028222799,"z":0.0012490858789533377,"w":0.9606599807739258},"size":38.41108322143555,"orthographic":false}