{"cameraMode":{"drawMode":0,"name":"Shaded","section":"Shading Mode"},"sceneLighting":false,"audioPlay":false,"sceneViewState":{"m_AlwaysRefresh":false,"showFog":true,"showSkybox":false,"showFlares":true,"showImageEffects":true,"showParticleSystems":true,"showVisualEffectGraphs":true,"m_FxEnabled":true},"in2DMode":false,"pivot":{"x":-4.30302619934082,"y":1.7980480194091797,"z":10.462453842163086},"rotation":{"x":0.13003140687942506,"y":-0.8619287610054016,"z":0.27742883563041689,"w":0.40398627519607546},"size":24.760150909423829,"orthographic":false}