{"cameraMode":{"drawMode":0,"name":"Shaded","section":"Shading Mode"},"sceneLighting":false,"audioPlay":false,"sceneViewState":{"m_AlwaysRefresh":false,"showFog":true,"showSkybox":false,"showFlares":true,"showImageEffects":true,"showParticleSystems":true,"showVisualEffectGraphs":true,"m_FxEnabled":true},"in2DMode":false,"pivot":{"x":13.682872772216797,"y":11.157485961914063,"z":-15.691469192504883},"rotation":{"x":0.2852434515953064,"y":-0.6352723240852356,"z":0.27301672101020815,"w":0.6637224555015564},"size":12.545280456542969,"orthographic":false}